ch,Name,One,Two,Three,Four,Five,min,max,summ
2,Волгоград,10,-99,-1,41,-39,-99,41,-47
3,Саратов,-30,86,-1,-27,61,-30,86,31
1,Астрахань,89,50,96,-85,-97,-85,96,151
3,Саратов,50,-46,-32,1,-52,-46,50,-24
1,Астрахань,-99,-60,-18,-14,-49,-99,1,-190
4,Пенза,93,65,67,-98,35,-98,93,131
3,Саратов,75,-54,-12,23,-82,-54,75,35
5,Ульяновск,-45,79,-95,-47,-45,-95,79,-103
2,Волгоград,59,-16,47,55,99,-16,59,147
2,Волгоград,7,-10,-60,46,-47,-60,46,-15
4,Пенза,-63,-12,43,-80,33,-80,43,-108
4,Пенза,46,49,69,-40,-67,-40,69,128
5,Ульяновск,66,24,6,5,67,5,66,106
4,Пенза,18,53,-50,50,-52,-50,53,75
5,Ульяновск,-64,7,52,17,-60,-64,52,17
1,Астрахань,-22,-19,49,31,-78,-22,49,40
2,Волгоград,28,6,-22,22,87,-22,28,36
4,Пенза,-4,-77,79,-17,-24,-77,79,-15
2,Волгоград,30,-18,95,-58,-56,-58,95,51
1,Астрахань,-1,27,-39,-27,75,-39,27,-39
3,Саратов,-34,-78,88,-34,-92,-78,88,-55
2,Волгоград,-65,-76,-42,-18,51,-76,2,-199
1,Астрахань,36,93,-32,54,42,-32,93,152
4,Пенза,33,-31,11,18,53,-31,33,35
1,Астрахань,19,-54,16,-49,22,-54,19,-67
4,Пенза,-55,81,-11,-14,78,-55,81,5
1,Астрахань,65,3,34,-7,40,-7,65,96
2,Волгоград,-52,-24,-70,62,-13,-70,62,-82
3,Саратов,-79,-18,-59,-89,-4,-89,3,-242
5,Ульяновск,-63,-56,-92,77,-50,-92,77,-129
5,Ульяновск,61,-69,-3,-21,-57,-69,61,-27
4,Пенза,-77,-53,40,-5,-13,-77,40,-91
2,Волгоград,92,1,-94,20,-68,-94,92,21
4,Пенза,-92,-91,29,31,26,-92,31,-119
3,Саратов,-86,-77,-57,-86,-17,-86,3,-303
1,Астрахань,96,10,20,92,80,1,96,219
1,Астрахань,54,-16,53,-40,-32,-40,54,52
4,Пенза,-67,-49,-62,-83,-35,-83,4,-257
4,Пенза,50,-72,-87,-8,96,-87,50,-113
5,Ульяновск,81,71,57,68,79,5,81,282
5,Ульяновск,74,-31,-45,26,76,-45,74,29
1,Астрахань,10,-23,-58,-32,5,-58,10,-102
3,Саратов,36,-14,-74,9,-85,-74,36,-40
5,Ульяновск,94,-90,73,-90,-23,-90,94,-8
3,Саратов,9,-7,38,-48,-81,-48,38,-5
4,Пенза,11,-33,1,12,51,-33,12,-5
3,Саратов,85,78,94,52,58,3,94,312
2,Волгоград,-13,44,75,-79,-42,-79,75,29
4,Пенза,-20,24,43,100,59,-20,100,151
4,Пенза,76,-75,78,98,-100,-75,98,181
3,Саратов,81,-97,-72,74,22,-97,81,-11
3,Саратов,-77,-60,71,36,-37,-77,71,-27
1,Астрахань,-79,-18,-82,17,-39,-82,17,-161
2,Волгоград,-96,-41,-65,-51,-40,-96,2,-251
5,Ульяновск,-72,68,-30,-24,23,-72,68,-53
1,Астрахань,43,-11,-50,-69,-32,-69,43,-86
2,Волгоград,-92,65,-82,83,-60,-92,83,-24
4,Пенза,-14,83,88,51,-79,-14,88,212
2,Волгоград,52,4,69,7,56,2,69,134
1,Астрахань,-88,30,-23,-10,-75,-88,30,-90
5,Ульяновск,94,-24,33,-76,-77,-76,94,32
2,Волгоград,-21,8,19,-17,65,-21,19,-9
2,Волгоград,-38,-4,57,-50,-44,-50,57,-33
5,Ульяновск,44,53,-96,-34,-38,-96,53,-28
1,Астрахань,-27,-60,83,82,-18,-60,83,79
3,Саратов,-83,-87,-15,-54,-65,-87,3,-236
1,Астрахань,-25,-33,-43,-58,82,-58,1,-158
5,Ульяновск,87,-4,4,35,-60,-4,87,127
3,Саратов,-12,35,-32,-8,46,-32,35,-14
4,Пенза,-20,54,34,-39,87,-39,54,33
2,Волгоград,-57,-54,49,-61,-78,-61,49,-121
2,Волгоград,45,-4,-83,77,-95,-83,77,37
2,Волгоград,74,36,-7,61,75,-7,74,166
4,Пенза,37,-59,-79,56,-84,-79,56,-41
2,Волгоград,-94,52,74,76,-42,-94,76,110
3,Саратов,40,-86,-11,73,-31,-86,73,19
5,Ульяновск,-18,-41,36,-13,15,-41,36,-31
3,Саратов,-4,36,75,-57,-65,-57,75,53
5,Ульяновск,16,-39,-71,-6,-85,-71,16,-95
2,Волгоград,-60,3,-21,4,30,-60,4,-72
4,Пенза,42,-79,30,-94,90,-94,42,-97
2,Волгоград,-87,-98,-52,-83,6,-98,2,-318
1,Астрахань,45,31,-6,-53,-17,-53,45,18
5,Ульяновск,-82,-80,-30,-22,-27,-82,5,-209
3,Саратов,97,-74,28,73,15,-74,97,127
2,Волгоград,28,97,47,43,-22,2,97,217
3,Саратов,11,-47,51,11,-46,-47,51,29
4,Пенза,-27,32,42,8,-17,-27,42,59
3,Саратов,18,89,17,43,-11,3,89,170
1,Астрахань,-56,65,-28,18,-9,-56,65,0
3,Саратов,33,-51,-51,21,35,-51,33,-45
3,Саратов,49,-88,-97,-50,-76,-97,49,-183
2,Волгоград,66,2,69,67,39,2,69,206
1,Астрахань,34,-94,49,-60,-62,-94,49,-70
1,Астрахань,-63,2,29,53,-90,-63,53,22
4,Пенза,-48,-57,16,-76,-58,-76,16,-161
3,Саратов,-28,72,-3,-92,-10,-92,72,-48
4,Пенза,-83,79,-91,-37,9,-91,79,-128
5,Ульяновск,-97,65,31,-40,14,-97,65,-36
1,Астрахань,24,70,97,-78,-68,-78,97,114
3,Саратов,-4,49,47,7,8,-4,49,102
1,Астрахань,-53,-69,18,58,-73,-69,58,-45
1,Астрахань,-75,63,-32,33,-79,-75,63,-10
4,Пенза,78,46,-43,-47,-23,-47,78,38
3,Саратов,-44,-57,-75,3,-69,-75,3,-170
5,Ульяновск,9,63,86,77,-12,5,86,240
4,Пенза,74,51,-56,-3,-39,-56,74,70
5,Ульяновск,-35,-94,83,-72,84,-94,83,-113
4,Пенза,-23,49,28,77,-13,-23,77,135
4,Пенза,-58,86,92,-79,33,-79,92,45
4,Пенза,85,38,-22,-49,39,-49,85,56
2,Волгоград,-56,-2,51,70,-58,-56,70,65
4,Пенза,57,23,69,55,37,4,69,208
4,Пенза,43,3,34,6,65,3,43,90
5,Ульяновск,-17,-2,-3,-98,98,-98,5,-115
4,Пенза,66,19,-18,-34,-56,-34,66,37
1,Астрахань,-77,-63,-87,33,-98,-87,33,-193
4,Пенза,77,98,34,10,-99,4,98,223
3,Саратов,89,-46,-38,18,-4,-46,89,26
1,Астрахань,1,36,-34,-31,-26,-34,36,-27
4,Пенза,-57,-79,-48,-12,49,-79,4,-192
2,Волгоград,-99,51,-44,20,46,-99,51,-70
1,Астрахань,-47,34,-76,-23,-92,-76,34,-111
1,Астрахань,50,-15,-85,-6,73,-85,50,-55
4,Пенза,-17,25,17,88,68,-17,88,117
4,Пенза,-22,-74,98,-1,52,-74,98,5
2,Волгоград,-69,16,92,44,97,-69,92,85
5,Ульяновск,5,43,38,-50,48,-50,43,41
3,Саратов,5,-67,58,-22,-31,-67,58,-23
2,Волгоград,39,-43,-44,51,-24,-44,51,5
4,Пенза,-85,-63,73,1,-49,-85,73,-70
1,Астрахань,90,-68,-17,51,-95,-68,90,57
4,Пенза,-47,-26,-11,68,50,-47,68,-12
4,Пенза,15,49,-89,81,99,-89,81,60
5,Ульяновск,99,47,-34,-70,14,-70,99,47
2,Волгоград,-51,8,87,-39,-36,-51,87,7
1,Астрахань,-73,-12,76,-53,31,-73,76,-61
3,Саратов,3,-95,-93,74,-29,-95,74,-108
4,Пенза,75,31,-49,55,-43,-49,75,116
4,Пенза,60,-82,0,-76,99,-82,60,-94
1,Астрахань,92,-60,20,93,56,-60,93,146
2,Волгоград,-57,-73,84,84,-19,-73,84,40
1,Астрахань,19,92,-94,-67,88,-94,92,-49
2,Волгоград,53,71,-28,-36,63,-36,71,62
1,Астрахань,-4,-36,-2,73,19,-36,73,32
2,Волгоград,-90,-18,-36,-59,36,-90,2,-201
5,Ульяновск,-78,59,6,3,65,-78,59,-5
1,Астрахань,54,-89,-75,70,52,-89,70,-39
5,Ульяновск,-77,-59,62,79,98,-77,79,10
3,Саратов,19,34,43,-99,-42,-99,43,0
2,Волгоград,84,-60,-8,-85,-38,-85,84,-67
1,Астрахань,96,98,-7,-13,-37,-13,98,175
2,Волгоград,83,-59,-83,-79,95,-83,83,-136
3,Саратов,47,-76,-62,49,-16,-76,49,-39
3,Саратов,-46,96,-15,82,-48,-46,96,120
4,Пенза,60,95,58,18,-77,4,95,235
1,Астрахань,41,-36,-58,14,-57,-58,41,-38
4,Пенза,-25,-70,26,75,-65,-70,75,10
4,Пенза,28,92,43,64,-62,4,92,231
4,Пенза,94,-18,-17,-73,-27,-73,94,-10
5,Ульяновск,-46,-83,37,49,-83,-83,49,-38
1,Астрахань,-29,-43,25,8,42,-43,25,-38
4,Пенза,74,-75,-38,-11,8,-75,74,-46
5,Ульяновск,78,-94,30,-38,-62,-94,78,-19
5,Ульяновск,-55,49,71,-89,71,-89,71,-19
4,Пенза,-83,52,11,-90,50,-90,52,-106
4,Пенза,77,34,-6,-46,39,-46,77,63
3,Саратов,92,71,-99,-18,85,-99,92,49
5,Ульяновск,2,-34,-38,-28,-1,-38,5,-93
2,Волгоград,-43,30,45,5,86,-43,45,39
3,Саратов,-16,16,-89,48,83,-89,48,-38
1,Астрахань,-69,-42,92,-82,21,-82,92,-100
1,Астрахань,-71,-66,-27,-18,-100,-71,1,-181
1,Астрахань,87,-69,10,-3,9,-69,87,26
5,Ульяновск,61,10,-20,19,-45,-20,61,75
3,Саратов,75,-67,-91,-85,-32,-91,75,-165
1,Астрахань,-92,30,92,99,43,-92,99,130
4,Пенза,-71,59,17,46,-14,-71,59,55
2,Волгоград,0,-87,-25,-64,-30,-87,2,-174
4,Пенза,-5,-76,-14,56,-99,-76,56,-35
3,Саратов,67,-53,-22,18,-73,-53,67,13
5,Ульяновск,-31,98,-38,94,52,-38,98,128
4,Пенза,40,-29,21,73,38,-29,73,109
4,Пенза,-86,41,-60,-82,-40,-86,41,-183
4,Пенза,10,-25,76,15,-24,-25,76,80
3,Саратов,48,94,40,0,34,0,94,185
1,Астрахань,10,98,-28,20,59,-28,98,101
5,Ульяновск,32,91,78,-46,4,-46,91,160
4,Пенза,-45,53,-77,-3,-41,-77,53,-68
1,Астрахань,59,33,20,82,-45,1,82,195
1,Астрахань,-90,36,43,-33,-11,-90,43,-43
4,Пенза,-11,-60,-33,-8,-93,-60,4,-108
4,Пенза,12,89,24,-22,77,-22,89,107
5,Ульяновск,-49,-15,-87,39,-19,-87,39,-107
3,Саратов,-52,36,-49,55,67,-52,55,-7
5,Ульяновск,54,-68,-58,-11,1,-68,54,-78
1,Астрахань,29,83,-76,-5,30,-76,83,32
3,Саратов,-16,-23,57,79,98,-23,79,100
5,Ульяновск,-20,-86,-9,36,80,-86,36,-74
4,Пенза,-96,-92,-86,31,2,-96,31,-239
5,Ульяновск,72,-28,83,-9,31,-28,83,123
1,Астрахань,82,-88,-70,-81,-25,-88,82,-156
2,Волгоград,94,-51,16,-80,17,-80,94,-19
1,Астрахань,23,-64,-25,73,62,-64,73,8
4,Пенза,57,30,97,0,-96,0,97,188
2,Волгоград,-48,25,-14,-70,59,-70,25,-105
3,Саратов,-66,-49,-92,-83,20,-92,3,-287
4,Пенза,-67,58,5,42,-5,-67,58,42
5,Ульяновск,48,-91,-89,38,91,-91,48,-89
4,Пенза,-17,1,-18,79,37,-18,79,49
4,Пенза,-11,-43,-29,29,-70,-43,29,-50
3,Саратов,22,84,70,-15,49,-15,84,164
5,Ульяновск,69,65,97,-31,82,-31,97,205
1,Астрахань,-58,-23,-36,44,98,-58,44,-72
3,Саратов,-7,-4,-99,-94,-32,-99,3,-201
5,Ульяновск,-46,-71,17,84,57,-71,84,-11
1,Астрахань,-98,-35,-52,-86,-4,-98,1,-270
2,Волгоград,-56,100,-28,62,-81,-56,100,80
2,Волгоград,-16,-13,95,40,-8,-16,95,108
2,Волгоград,-100,-79,-38,0,-98,-100,2,-215
5,Ульяновск,-69,86,20,-67,-97,-69,86,-25
4,Пенза,-1,22,-5,-62,37,-62,22,-42
5,Ульяновск,56,-2,64,-18,51,-18,64,105
5,Ульяновск,-35,15,31,-68,11,-68,31,-52
3,Саратов,-94,33,-49,44,-57,-94,44,-63
3,Саратов,-24,35,-24,59,-15,-24,59,49
3,Саратов,-86,42,50,86,31,-86,86,95
4,Пенза,-13,6,84,76,82,-13,84,157
2,Волгоград,-90,-24,23,-72,-67,-90,23,-161
1,Астрахань,-46,-77,-44,22,97,-77,22,-144
3,Саратов,-2,-93,-44,44,62,-93,44,-92
2,Волгоград,-23,57,-49,95,-94,-49,95,82
1,Астрахань,40,-63,21,-57,-4,-63,40,-58
2,Волгоград,41,86,-6,-82,52,-82,86,41
3,Саратов,-44,12,-6,37,8,-44,37,2
3,Саратов,-56,32,15,-53,93,-56,32,-59
3,Саратов,-47,-33,-17,-86,5,-86,3,-180
1,Астрахань,-2,-29,-20,-46,25,-46,1,-96
4,Пенза,-64,-37,-45,45,79,-64,45,-97
2,Волгоград,18,10,99,-2,-28,-2,99,127
1,Астрахань,14,-75,-12,95,-44,-75,95,23
5,Ульяновск,-37,13,70,4,79,-37,70,55
1,Астрахань,42,-82,50,33,-88,-82,50,44
4,Пенза,-12,28,21,-27,-62,-27,28,14
3,Саратов,73,-79,-61,10,-31,-79,73,-54
1,Астрахань,84,-59,5,46,-48,-59,84,77
2,Волгоград,85,-80,-38,67,-88,-80,85,36
3,Саратов,90,-81,96,25,-73,-81,96,133
4,Пенза,80,-87,6,79,99,-87,80,82
2,Волгоград,-47,26,-97,30,97,-97,30,-86
1,Астрахань,-66,71,-32,38,30,-66,71,12
2,Волгоград,-1,-44,55,-84,-86,-84,55,-72
4,Пенза,64,46,99,2,-49,2,99,215
2,Волгоград,18,84,85,-92,-42,-92,85,97
3,Саратов,9,-20,49,95,-2,-20,95,136
5,Ульяновск,-2,-1,-71,7,-12,-71,7,-62
3,Саратов,-37,43,-84,50,87,-84,50,-25
2,Волгоград,-38,-34,-23,-82,95,-82,2,-175
2,Волгоград,-48,29,81,-28,-80,-48,81,36
1,Астрахань,-56,63,77,-48,-17,-56,77,37
4,Пенза,42,36,95,27,-85,4,95,204
1,Астрахань,32,-24,84,-19,-30,-24,84,74
2,Волгоград,-1,92,-73,-8,-20,-73,92,12
2,Волгоград,2,51,76,87,-65,2,87,218
4,Пенза,91,-55,-77,16,-23,-77,91,-21
4,Пенза,52,-15,13,92,-41,-15,92,146
4,Пенза,82,-46,18,-8,-41,-46,82,50
2,Волгоград,69,49,55,35,33,2,69,210
4,Пенза,-26,69,-98,61,59,-98,69,10
4,Пенза,-4,38,-39,-10,36,-39,38,-11
2,Волгоград,6,-28,34,-42,-97,-42,34,-28
5,Ульяновск,-4,-77,2,69,47,-77,69,-5
4,Пенза,8,-95,97,95,-60,-95,97,109
4,Пенза,73,15,16,48,52,4,73,156
5,Ульяновск,-51,98,9,-77,46,-77,98,-16
5,Ульяновск,95,-87,74,48,-58,-87,95,135
5,Ульяновск,-24,9,-53,-11,-20,-53,9,-74
5,Ульяновск,13,4,-78,-33,-18,-78,13,-89
5,Ульяновск,-68,59,44,-73,91,-73,59,-33
2,Волгоград,56,98,-15,57,-49,-15,98,198
4,Пенза,45,87,-41,-28,58,-41,87,67
3,Саратов,-23,45,44,-79,66,-79,45,-10
3,Саратов,77,9,37,58,22,3,77,184
4,Пенза,46,45,100,21,-7,4,100,216
2,Волгоград,-16,28,43,-67,10,-67,43,-10
1,Астрахань,89,-38,-64,-82,17,-82,89,-94
2,Волгоград,66,92,71,-20,-43,-20,92,211
5,Ульяновск,30,-40,96,5,64,-40,96,96
5,Ульяновск,58,70,-35,-2,-61,-35,70,96
5,Ульяновск,62,5,65,-22,-61,-22,65,115
4,Пенза,-56,49,-79,-71,-25,-79,49,-153
1,Астрахань,-100,-81,-52,-27,-15,-100,1,-259
5,Ульяновск,37,-72,93,65,63,-72,93,128
5,Ульяновск,79,-57,-17,-42,25,-57,79,-32
2,Волгоград,-29,80,-71,-4,-9,-71,80,-22
3,Саратов,0,-64,38,24,-65,-64,38,1
2,Волгоград,-99,-83,60,-12,93,-99,60,-132
1,Астрахань,41,0,98,-65,-58,-65,98,75
1,Астрахань,-54,99,43,-92,-60,-92,99,-3
5,Ульяновск,74,14,56,-48,92,-48,74,101
1,Астрахань,-5,-60,-20,41,5,-60,41,-43
4,Пенза,-68,44,99,-83,99,-83,99,-4
1,Астрахань,83,-31,98,71,-60,-31,98,222
2,Волгоград,6,39,37,-16,56,-16,39,68
3,Саратов,12,-8,78,-83,-15,-83,78,2
5,Ульяновск,-31,1,28,92,-97,-31,92,95
3,Саратов,35,-49,-99,13,12,-99,35,-97
2,Волгоград,35,21,-90,-15,-97,-90,35,-47
3,Саратов,-51,30,-92,75,20,-92,75,-35
1,Астрахань,37,-28,-82,-5,-3,-82,37,-77
5,Ульяновск,34,34,-37,70,67,-37,70,106
4,Пенза,9,-23,4,8,14,-23,9,2
1,Астрахань,52,-45,63,99,13,-45,99,170
1,Астрахань,89,86,-57,88,-14,-57,89,207
1,Астрахань,-4,39,-92,58,22,-92,58,2
2,Волгоград,7,-29,66,87,-34,-29,87,133
2,Волгоград,59,67,-2,22,60,-2,67,148
1,Астрахань,-54,1,-54,19,96,-54,19,-87
3,Саратов,-62,-24,80,55,-64,-62,80,52
1,Астрахань,38,76,-85,52,-83,-85,76,82
1,Астрахань,-28,-37,-91,81,91,-91,81,-74
1,Астрахань,52,-36,5,85,22,-36,85,107
3,Саратов,-49,-29,99,-54,81,-54,99,-30
2,Волгоград,-66,-95,-14,-45,-76,-95,2,-218
5,Ульяновск,65,79,-65,-64,13,-65,79,20
4,Пенза,73,42,-72,35,85,-72,73,82
1,Астрахань,-55,94,-7,-89,7,-89,94,-56
3,Саратов,78,33,50,-56,-71,-56,78,108
1,Астрахань,5,51,14,-9,-46,-9,51,62
4,Пенза,-20,33,61,-74,-99,-74,61,4
5,Ульяновск,-22,-5,-41,35,-83,-41,35,-28
3,Саратов,28,-55,78,-91,-33,-91,78,-37
1,Астрахань,46,28,-46,27,-67,-46,46,56
1,Астрахань,34,46,-80,24,-44,-80,46,25
3,Саратов,-18,37,69,-16,92,-18,69,75
1,Астрахань,79,72,-89,-44,-11,-89,79,19
3,Саратов,95,12,-67,11,-53,-67,95,54
4,Пенза,-22,19,-61,4,-82,-61,19,-56
1,Астрахань,28,-49,44,23,14,-49,44,47
2,Волгоград,94,59,-26,27,-55,-26,94,156
5,Ульяновск,-49,26,-40,-24,14,-49,26,-82
2,Волгоград,-16,47,33,-18,-75,-18,47,48
1,Астрахань,4,25,-44,99,37,-44,99,85
2,Волгоград,-60,-63,-95,90,38,-95,90,-126
3,Саратов,-80,-99,17,-67,28,-99,17,-226
5,Ульяновск,-87,40,-87,83,26,-87,83,-46
2,Волгоград,43,40,-75,11,-96,-75,43,21
1,Астрахань,-31,-5,-38,23,-86,-38,23,-50
4,Пенза,25,92,39,-46,-36,-46,92,114
4,Пенза,95,66,46,15,-60,4,95,226
5,Ульяновск,40,-72,-80,-88,-10,-88,40,-195
2,Волгоград,-50,33,54,40,59,-50,54,79
5,Ульяновск,-31,-29,31,-60,17,-60,31,-84
4,Пенза,-9,-29,-51,-26,6,-51,4,-111
2,Волгоград,-94,27,-13,23,-86,-94,27,-55
4,Пенза,-25,-98,-14,-4,-14,-98,4,-137
3,Саратов,36,-16,63,-45,36,-45,63,41
1,Астрахань,41,-90,-11,-51,-61,-90,41,-110
2,Волгоград,38,33,-40,46,3,-40,46,79
5,Ульяновск,32,-90,-2,-67,31,-90,32,-122
2,Волгоград,26,92,-72,28,97,-72,92,76
3,Саратов,88,91,-52,-12,-18,-52,91,118
1,Астрахань,52,33,-89,-26,89,-89,52,-29
1,Астрахань,42,84,-17,-19,-84,-19,84,91
2,Волгоград,-64,-64,-93,53,87,-93,53,-166
3,Саратов,-73,29,-48,-88,-83,-88,29,-177
3,Саратов,-32,2,-21,-24,-76,-32,3,-72
3,Саратов,-69,-33,16,24,77,-69,24,-59
1,Астрахань,24,-22,-80,26,-51,-80,26,-51
5,Ульяновск,-18,-17,73,83,-29,-18,83,126
3,Саратов,-63,76,-5,35,-62,-63,76,46
2,Волгоград,88,44,-77,21,-76,-77,88,78
4,Пенза,-96,18,68,88,-56,-96,88,82
2,Волгоград,75,-36,-100,98,-69,-100,98,39
5,Ульяновск,40,19,-35,39,0,-35,40,68
3,Саратов,11,-25,-40,-95,82,-95,11,-146
4,Пенза,8,-83,37,79,-5,-83,79,45
3,Саратов,96,76,56,32,11,3,96,263
2,Волгоград,44,-31,8,30,-84,-31,44,53
5,Ульяновск,21,-91,95,54,57,-91,95,84
5,Ульяновск,28,18,-77,48,64,-77,48,22
1,Астрахань,-55,97,64,-92,10,-92,97,15
3,Саратов,31,30,-51,45,-95,-51,45,58
3,Саратов,15,-33,-69,-57,-84,-69,15,-141
2,Волгоград,-40,-57,37,-66,-82,-66,37,-124
3,Саратов,-14,86,-47,-3,-83,-47,86,25
2,Волгоград,-22,39,7,68,-82,-22,68,94
4,Пенза,-12,-67,81,-47,48,-67,81,-41
2,Волгоград,55,58,-31,71,-91,-31,71,155
1,Астрахань,1,45,53,15,52,1,53,115
5,Ульяновск,81,-80,89,65,59,-80,89,160
4,Пенза,54,-69,-67,-76,87,-76,54,-154
5,Ульяновск,-80,20,-78,45,-17,-80,45,-88
3,Саратов,-25,-56,52,-59,-82,-59,52,-85
1,Астрахань,-95,-61,-97,-16,21,-97,1,-268
4,Пенза,-75,-21,-6,45,-12,-75,45,-53
2,Волгоград,57,49,87,79,97,2,87,274
5,Ульяновск,-24,-77,-3,-92,38,-92,5,-191
4,Пенза,-87,46,-40,0,-34,-87,46,-77
4,Пенза,15,73,76,81,-2,4,81,249
5,Ульяновск,-94,-31,71,63,10,-94,71,14
5,Ульяновск,17,18,28,47,-19,5,47,115
3,Саратов,14,91,67,72,-7,3,91,247
1,Астрахань,30,-17,-83,50,8,-83,50,-19
3,Саратов,9,7,38,-49,30,-49,38,8
1,Астрахань,85,48,34,11,-40,1,85,179
1,Астрахань,-82,-93,67,94,-79,-93,94,-13
3,Саратов,42,68,-47,-73,-2,-73,68,-7
2,Волгоград,35,-17,-8,-89,60,-89,35,-77
5,Ульяновск,-97,-38,99,80,-16,-97,99,49
4,Пенза,77,-90,-14,-34,20,-90,77,-57
4,Пенза,-27,93,-21,82,-81,-27,93,131
1,Астрахань,-26,-29,-37,61,91,-37,61,-30
2,Волгоград,-61,-53,91,87,-95,-61,91,66
3,Саратов,-54,79,-17,-7,82,-54,79,4
4,Пенза,44,62,-95,49,-89,-95,62,64
1,Астрахань,49,71,56,61,-12,1,71,238
3,Саратов,-100,-86,46,1,70,-100,46,-136
5,Ульяновск,-63,-56,76,-87,-7,-87,76,-125
2,Волгоград,-54,94,-26,-98,50,-98,94,-82
2,Волгоград,-6,-61,38,88,-47,-61,88,61
1,Астрахань,66,-39,-34,-13,49,-39,66,-19
5,Ульяновск,39,-20,-7,57,5,-20,57,74
5,Ульяновск,-44,32,-63,53,48,-63,53,-17
4,Пенза,16,89,-47,54,82,-47,89,116
4,Пенза,43,32,-62,47,85,-62,47,64
2,Волгоград,69,66,-18,-82,12,-82,69,37
2,Волгоград,44,-41,-11,-92,41,-92,44,-98
3,Саратов,-21,10,-78,21,88,-78,21,-65
4,Пенза,-83,2,-1,36,27,-83,36,-42
1,Астрахань,19,40,6,1,1,1,40,67
3,Саратов,14,85,-58,15,10,-58,85,59
5,Ульяновск,23,-93,-96,6,-94,-96,23,-155
5,Ульяновск,-18,-46,87,-21,-52,-46,87,7
1,Астрахань,-26,-32,-61,-33,-54,-61,1,-151
2,Волгоград,12,-17,-41,42,34,-41,42,-2
2,Волгоград,36,-33,-97,-33,1,-97,36,-125
5,Ульяновск,0,-58,-21,-10,-43,-58,5,-84
4,Пенза,22,-20,-5,42,-95,-20,42,43
5,Ульяновск,18,-2,-5,96,65,-5,96,112
3,Саратов,-13,-33,33,-82,43,-82,33,-92
4,Пенза,-14,-53,46,-63,85,-63,46,-80
5,Ульяновск,96,-83,-77,24,-23,-83,96,-35
4,Пенза,14,-76,-17,-36,33,-76,14,-111
5,Ульяновск,-9,-44,-57,96,-96,-57,96,-9
1,Астрахань,45,-31,68,-95,-41,-95,68,-12
1,Астрахань,14,45,2,-53,-36,-53,45,9
1,Астрахань,-69,-38,81,95,95,-69,95,70
3,Саратов,65,88,-60,73,-67,-60,88,169
1,Астрахань,29,42,27,-6,40,-6,42,93
2,Волгоград,16,47,1,-3,-53,-3,47,63
1,Астрахань,-8,-87,-10,55,-51,-87,55,-49
1,Астрахань,-97,-66,-54,11,-50,-97,11,-205
4,Пенза,12,-35,-86,63,-64,-86,63,-42
2,Волгоград,-87,67,14,99,45,-87,99,95
3,Саратов,-17,-84,-27,12,47,-84,12,-113
1,Астрахань,9,41,-35,-59,-42,-59,41,-43
5,Ульяновск,30,28,69,35,99,5,69,167
1,Астрахань,44,-32,-11,82,59,-32,82,84
4,Пенза,-26,80,-96,-41,13,-96,80,-79
2,Волгоград,-97,-79,-45,74,-43,-97,74,-145
1,Астрахань,-83,-74,-64,-64,64,-83,1,-284
3,Саратов,-34,59,73,20,29,-34,73,121
1,Астрахань,31,71,1,-38,-76,-38,71,66
3,Саратов,43,96,-92,50,39,-92,96,100
1,Астрахань,79,-44,-87,55,-57,-87,79,4
3,Саратов,88,5,-26,-49,57,-49,88,21
2,Волгоград,30,-28,87,-99,-67,-99,87,-8
5,Ульяновск,-26,-82,-47,-4,-46,-82,5,-154
5,Ульяновск,-78,-94,-81,29,-84,-94,29,-219
4,Пенза,93,22,82,-38,36,-38,93,163
4,Пенза,27,-84,31,-57,46,-84,31,-79
1,Астрахань,29,61,-82,-77,-70,-82,61,-68
1,Астрахань,83,-74,-2,-95,61,-95,83,-87
2,Волгоград,37,-8,32,-73,52,-73,37,-10
5,Ульяновск,22,61,31,-3,12,-3,61,116
3,Саратов,12,91,48,-25,-94,-25,91,129
4,Пенза,-34,89,-19,-59,-48,-59,89,-19
4,Пенза,-75,-86,9,71,46,-86,71,-77
1,Астрахань,40,-28,-5,40,29,-28,40,48
4,Пенза,-83,82,-41,94,64,-83,94,56
4,Пенза,12,-74,-43,84,61,-74,84,-17
4,Пенза,96,45,-86,-61,-8,-86,96,-2
2,Волгоград,43,-7,51,98,62,-7,98,187
2,Волгоград,19,-37,-9,0,-66,-37,19,-25
1,Астрахань,34,39,81,-53,-62,-53,81,102
2,Волгоград,0,72,20,4,-28,0,72,98
5,Ульяновск,-5,64,-92,71,-8,-92,71,43
2,Волгоград,57,36,-82,-2,-39,-82,57,11
2,Волгоград,-1,-29,-31,31,-49,-31,31,-28
4,Пенза,-50,-65,99,-72,-64,-72,99,-84
2,Волгоград,-26,-63,46,-68,5,-68,46,-109
1,Астрахань,11,19,-83,99,-41,-83,99,47
1,Астрахань,-33,76,-2,81,16,-33,81,123
1,Астрахань,10,15,-24,49,-20,-24,49,51
1,Астрахань,-58,44,30,57,-38,-58,57,74
5,Ульяновск,-9,-80,65,-81,-25,-81,65,-100
5,Ульяновск,-65,98,62,48,72,-65,98,148
2,Волгоград,32,-19,35,-19,-7,-19,35,31
5,Ульяновск,-48,-98,-36,-20,-16,-98,5,-197
3,Саратов,37,45,-84,-90,-45,-90,45,-89
4,Пенза,25,78,-74,-99,-16,-99,78,-66
2,Волгоград,-85,16,77,-38,-88,-85,77,-28
2,Волгоград,-89,-24,28,-91,-87,-91,28,-174
1,Астрахань,-90,93,-19,-40,-3,-90,93,-55
4,Пенза,-15,7,37,69,-31,-15,69,102
1,Астрахань,-54,14,-11,-60,-58,-60,14,-110
3,Саратов,-10,47,33,-5,81,-10,47,68
4,Пенза,8,40,78,14,27,4,78,144
1,Астрахань,-36,-87,83,60,-32,-87,83,21
2,Волгоград,-28,-27,2,76,-90,-28,76,25
4,Пенза,56,-100,-9,57,-55,-100,57,8
1,Астрахань,81,-50,-43,46,21,-50,81,35
4,Пенза,83,59,-85,87,98,-85,87,148
2,Волгоград,36,-85,22,27,37,-85,36,2
1,Астрахань,53,72,85,4,-46,1,85,215
5,Ульяновск,-24,80,52,3,49,-24,80,116
1,Астрахань,19,63,36,-1,17,-1,63,118
4,Пенза,13,-9,25,-15,71,-15,25,18
4,Пенза,54,-60,-33,-40,96,-60,54,-75
3,Саратов,-45,-59,-62,-57,87,-62,3,-220
5,Ульяновск,-16,17,-25,-51,34,-51,17,-70
3,Саратов,54,51,69,-63,-24,-63,69,114
2,Волгоград,27,-43,-19,98,20,-43,98,65
2,Волгоград,84,-93,63,32,6,-93,84,88
5,Ульяновск,-97,81,13,40,-65,-97,81,42
4,Пенза,16,-72,-11,-65,22,-72,16,-128
1,Астрахань,73,-13,2,-2,100,-13,73,61
2,Волгоград,-77,-56,58,-86,77,-86,58,-159
1,Астрахань,86,-95,51,31,23,-95,86,74
4,Пенза,41,13,-70,64,22,-70,64,52
2,Волгоград,-82,-47,-30,27,23,-82,27,-130
1,Астрахань,-30,70,86,-86,-5,-86,86,41
5,Ульяновск,-79,59,-5,27,23,-79,59,7
5,Ульяновск,96,-4,77,-27,65,-27,96,147
1,Астрахань,39,81,65,-53,-88,-53,81,133
5,Ульяновск,-71,79,39,-38,-96,-71,79,14
3,Саратов,64,51,7,56,-47,3,64,181
4,Пенза,14,-43,100,77,-98,-43,100,152
2,Волгоград,-32,94,-51,83,-86,-51,94,96
1,Астрахань,39,-37,-80,71,81,-80,71,-6
4,Пенза,-97,-16,-54,17,-43,-97,17,-146
5,Ульяновск,-79,91,31,-19,72,-79,91,29
1,Астрахань,-61,79,63,25,72,-61,79,107
2,Волгоград,93,90,-56,-94,-5,-94,93,35
2,Волгоград,41,52,-78,-98,50,-98,52,-81
1,Астрахань,-24,-72,87,-66,38,-72,87,-74
2,Волгоград,62,-42,-72,-25,60,-72,62,-75
4,Пенза,71,94,23,-1,78,-1,94,191
5,Ульяновск,37,1,-69,-3,-86,-69,37,-29
5,Ульяновск,-72,36,80,90,-63,-72,90,139
1,Астрахань,-40,51,-57,-61,30,-61,51,-106
2,Волгоград,-35,-20,-53,17,-52,-53,17,-89
5,Ульяновск,81,-79,-15,-77,-98,-79,81,-85
1,Астрахань,48,-3,38,-99,78,-99,48,-15
4,Пенза,-99,-50,70,27,-92,-99,70,-48
1,Астрахань,20,21,65,38,13,1,65,145
4,Пенза,38,-50,83,79,31,-50,83,154
3,Саратов,-25,-92,70,21,32,-92,70,-23
2,Волгоград,-42,3,92,-43,-31,-43,92,12
2,Волгоград,-56,-11,54,-5,30,-56,54,-16
1,Астрахань,-53,11,-9,-24,63,-53,11,-74
2,Волгоград,-71,-80,99,80,-97,-80,99,30
1,Астрахань,5,-30,84,8,21,-30,84,68
4,Пенза,31,-53,-81,81,6,-81,81,-18
2,Волгоград,-4,2,44,-99,-17,-99,44,-55
4,Пенза,-74,29,-43,-16,56,-74,29,-100
3,Саратов,-81,-46,-28,-50,14,-81,3,-202
4,Пенза,41,-81,42,-31,-33,-81,42,-25
5,Ульяновск,-22,78,-57,-72,32,-72,78,-68
5,Ульяновск,-3,-61,16,-70,-100,-70,16,-113
3,Саратов,7,-41,-53,-90,-71,-90,7,-174
5,Ульяновск,-94,20,90,-100,-53,-100,90,-79
4,Пенза,-60,87,50,-32,100,-60,87,49
1,Астрахань,57,-70,-25,-6,86,-70,57,-43
2,Волгоград,35,76,-81,-66,-14,-81,76,-34
4,Пенза,25,-94,36,-24,32,-94,36,-53
1,Астрахань,42,-76,-73,47,27,-76,47,-59
1,Астрахань,39,-97,-86,-17,-30,-97,39,-160
5,Ульяновск,-5,17,45,-70,33,-70,45,-8
5,Ульяновск,-82,24,24,35,27,-82,35,6
5,Ульяновск,-20,93,77,81,97,-20,93,236
1,Астрахань,60,96,74,91,-77,1,96,322
4,Пенза,-69,76,-97,56,10,-97,76,-30
3,Саратов,3,17,-41,6,11,-41,17,-12
5,Ульяновск,-68,-75,-35,-51,-97,-75,5,-224
3,Саратов,-100,-19,-96,77,59,-100,77,-135
2,Волгоград,-12,-13,88,-38,-97,-38,88,27
5,Ульяновск,92,-43,85,23,-76,-43,92,162
2,Волгоград,-38,-4,-85,-16,16,-85,2,-141
5,Ульяновск,-63,33,-74,57,-89,-74,57,-42
4,Пенза,-3,21,36,69,59,-3,69,127
1,Астрахань,-98,-58,-63,-89,-73,-98,1,-307
1,Астрахань,-87,-66,69,9,-99,-87,69,-74
4,Пенза,-62,-82,-45,-63,-88,-82,4,-248
4,Пенза,37,23,8,-45,-90,-45,37,27
3,Саратов,-46,82,-70,51,61,-70,82,20
1,Астрахань,-69,-92,52,77,-85,-92,77,-31
5,Ульяновск,97,65,-97,-28,-72,-97,97,42
1,Астрахань,-73,-89,23,59,-54,-89,59,-79
2,Волгоград,93,-88,57,-87,-4,-88,93,-23
4,Пенза,0,42,-13,85,-69,-13,85,118
4,Пенза,-39,42,-92,-6,-70,-92,42,-91
5,Ульяновск,-44,90,91,62,-79,-44,91,204
3,Саратов,-53,94,46,-27,98,-53,94,63
2,Волгоград,-26,15,-49,-16,86,-49,15,-74
4,Пенза,-6,60,-86,52,-11,-86,60,24
5,Ульяновск,-74,-8,-64,34,88,-74,34,-107
4,Пенза,-69,-26,8,-45,-11,-69,8,-128
3,Саратов,30,-85,20,-2,-68,-85,30,-34
5,Ульяновск,-91,-16,-82,91,-25,-91,91,-93
5,Ульяновск,-78,36,-12,-62,-100,-78,36,-111
1,Астрахань,-63,-91,37,11,28,-91,37,-105
1,Астрахань,-79,21,-47,20,19,-79,21,-84
5,Ульяновск,94,-44,-7,3,-31,-44,94,51
5,Ульяновск,-91,-30,33,44,49,-91,44,-39
5,Ульяновск,85,96,34,-96,-88,-96,96,124
5,Ульяновск,1,-75,23,29,43,-75,29,-17
4,Пенза,60,-53,-86,-84,94,-86,60,-159
4,Пенза,91,-100,90,58,48,-100,91,143
3,Саратов,45,45,52,-39,78,-39,52,106
4,Пенза,56,16,80,94,-57,4,94,250
1,Астрахань,13,77,96,42,91,1,96,229
1,Астрахань,63,-72,95,-78,-68,-78,95,9
5,Ульяновск,-76,62,12,71,-47,-76,71,74
3,Саратов,-85,43,-51,97,-44,-85,97,7
2,Волгоград,32,27,86,-28,-25,-28,86,119
2,Волгоград,-86,-14,-92,-14,-42,-92,2,-204
4,Пенза,59,-90,1,-94,-53,-94,59,-120
4,Пенза,69,34,39,-52,-46,-52,69,94
5,Ульяновск,16,73,16,69,47,5,73,179
3,Саратов,13,34,99,-88,-18,-88,99,61
3,Саратов,19,45,-81,-23,52,-81,45,-37
2,Волгоград,57,60,-77,-30,-96,-77,60,12
4,Пенза,93,-48,-48,-99,-19,-99,93,-98
1,Астрахань,9,-2,-91,37,-81,-91,37,-46
5,Ульяновск,63,35,-98,-38,-49,-98,63,-33
4,Пенза,34,13,-30,6,8,-30,34,27
1,Астрахань,32,71,31,83,-84,1,83,218
1,Астрахань,-76,74,18,-3,-37,-76,74,14
3,Саратов,-31,53,60,88,-46,-31,88,173
3,Саратов,8,54,-71,-4,-43,-71,54,-10
5,Ульяновск,37,60,-68,-88,64,-88,60,-54
1,Астрахань,83,-19,13,22,-8,-19,83,100
1,Астрахань,5,-3,-68,-87,-39,-87,5,-152
2,Волгоград,-33,-75,-82,-44,38,-82,2,-232
1,Астрахань,82,-51,-32,92,-31,-51,92,92
1,Астрахань,-93,70,1,31,79,-93,70,10
3,Саратов,-56,-83,58,3,-16,-83,58,-75
4,Пенза,8,89,3,-13,87,-13,89,91
2,Волгоград,73,-55,-21,-34,-13,-55,73,-35
3,Саратов,85,-36,68,-55,67,-55,85,65
5,Ульяновск,63,-52,-93,-91,32,-93,63,-168
2,Волгоград,63,90,94,61,0,2,94,310
1,Астрахань,-71,39,99,73,-7,-71,99,141
2,Волгоград,-60,96,94,-95,30,-95,96,37
5,Ульяновск,62,42,74,-55,-63,-55,74,128
1,Астрахань,19,61,-90,24,25,-90,61,15
4,Пенза,-3,65,-12,71,-1,-12,71,125
1,Астрахань,-90,-60,-69,-83,-14,-90,1,-301
1,Астрахань,94,78,-14,-59,-23,-59,94,100
5,Ульяновск,91,91,29,-81,-77,-81,91,135
5,Ульяновск,-92,-46,-26,9,-100,-92,9,-150
5,Ульяновск,12,55,-36,-95,-71,-95,55,-59
4,Пенза,71,36,75,-78,31,-78,75,108
1,Астрахань,95,-88,86,59,-20,-88,95,153
3,Саратов,-97,-9,-33,-29,-33,-97,3,-165
1,Астрахань,-23,5,38,24,78,-23,38,45
3,Саратов,64,57,87,-17,-33,-17,87,194
1,Астрахань,-20,-45,34,-63,96,-63,34,-93
3,Саратов,-21,35,45,14,69,-21,45,76
4,Пенза,-74,-73,-71,32,55,-74,32,-182
5,Ульяновск,67,-51,90,-32,83,-51,90,79
3,Саратов,-30,-1,37,44,-56,-30,44,53
2,Волгоград,-98,22,92,92,98,-98,92,110
3,Саратов,-81,-23,57,12,96,-81,57,-32
2,Волгоград,-18,14,-30,-7,-73,-30,14,-39
1,Астрахань,57,28,-74,-99,-70,-99,57,-87
4,Пенза,54,8,-40,23,46,-40,54,49
5,Ульяновск,17,98,100,42,16,5,100,262
2,Волгоград,66,78,-39,94,55,-39,94,201
2,Волгоград,77,-54,-18,-64,-52,-64,77,-57
1,Астрахань,-1,71,-51,46,-26,-51,71,66
3,Саратов,-23,62,77,31,-8,-23,77,150
3,Саратов,59,57,-2,58,-46,-2,59,175
5,Ульяновск,-84,71,-17,-54,-70,-84,71,-79
1,Астрахань,-5,-16,-33,-85,60,-85,1,-138
2,Волгоград,-84,29,-82,79,49,-84,79,-56
4,Пенза,80,-88,80,68,-51,-88,80,144
5,Ульяновск,-37,72,-20,85,-37,-37,85,105
5,Ульяновск,-24,1,96,7,46,-24,96,85
1,Астрахань,88,21,21,36,-92,1,88,167
2,Волгоград,-62,-65,8,82,39,-65,82,-35
4,Пенза,2,4,-29,8,62,-29,8,-11
5,Ульяновск,1,-12,49,19,4,-12,49,62
5,Ульяновск,71,-8,-34,-59,36,-59,71,-25
2,Волгоград,85,-48,-40,32,-98,-48,85,31
2,Волгоград,-73,31,16,99,9,-73,99,75
3,Саратов,-73,40,82,-88,-52,-88,82,-36
1,Астрахань,27,-96,-29,7,-25,-96,27,-90
2,Волгоград,-26,92,87,96,33,-26,96,251
3,Саратов,72,-22,-76,-10,2,-76,72,-33
4,Пенза,40,-39,-77,24,26,-77,40,-48
4,Пенза,-3,-68,6,12,34,-68,12,-49
2,Волгоград,60,-90,-59,-92,-35,-92,60,-179
4,Пенза,68,94,-3,-20,48,-20,94,143
4,Пенза,78,-54,-67,68,-71,-67,78,29
2,Волгоград,-87,-29,11,80,54,-87,80,-23
2,Волгоград,-70,16,-28,-89,-21,-89,16,-169
5,Ульяновск,60,-19,62,79,-10,-19,79,187
5,Ульяновск,37,-67,95,-54,20,-67,95,16
5,Ульяновск,21,-5,74,56,8,-5,74,151
3,Саратов,-84,-45,0,-51,18,-84,3,-177
1,Астрахань,-17,-66,64,55,84,-66,64,37
5,Ульяновск,65,-53,-99,-71,22,-99,65,-153
4,Пенза,-82,5,46,53,-76,-82,53,26
3,Саратов,11,-72,94,-31,73,-72,94,5
4,Пенза,90,-95,-47,-81,-14,-95,90,-129
4,Пенза,-10,-13,-80,-4,41,-80,4,-103
5,Ульяновск,-33,-35,-22,6,-33,-35,6,-79
1,Астрахань,-57,56,-94,50,30,-94,56,-44
3,Саратов,-48,-81,83,1,-66,-81,83,-42
1,Астрахань,19,72,1,-92,6,-92,72,1
1,Астрахань,-97,-87,68,86,-54,-97,86,-29
3,Саратов,12,17,51,-19,47,-19,51,64
4,Пенза,-19,94,70,100,-27,-19,100,249
2,Волгоград,37,96,-26,-29,-40,-29,96,80
4,Пенза,-28,63,39,-59,-32,-59,63,19
1,Астрахань,7,96,66,78,14,1,96,248
1,Астрахань,26,97,38,-89,2,-89,97,73
1,Астрахань,38,-74,44,17,6,-74,44,26
2,Волгоград,47,-6,26,51,79,-6,51,120
5,Ульяновск,51,-92,-22,-4,-9,-92,51,-62
2,Волгоград,-85,80,-38,19,78,-85,80,-22
3,Саратов,-96,43,-25,33,26,-96,43,-42
3,Саратов,-58,-28,-67,15,0,-67,15,-135
1,Астрахань,-67,-11,-91,-51,-10,-91,1,-219
5,Ульяновск,19,-41,36,-61,-4,-61,36,-42
1,Астрахань,-79,-91,52,10,-79,-91,52,-107
2,Волгоград,-29,32,-1,-86,-70,-86,32,-82
4,Пенза,37,27,-79,77,17,-79,77,66
5,Ульяновск,-12,54,-39,-12,72,-39,54,-4
2,Волгоград,-65,31,39,-58,20,-65,39,-51
2,Волгоград,16,-76,15,74,-66,-76,74,31
1,Астрахань,-62,24,-22,41,-12,-62,41,-18
1,Астрахань,-33,-40,-61,42,1,-61,42,-91
4,Пенза,18,80,-59,37,30,-59,80,80
5,Ульяновск,58,-56,-48,-45,-40,-56,58,-86
3,Саратов,14,17,18,-78,68,-78,18,-26
2,Волгоград,92,-35,52,-51,42,-51,92,60
5,Ульяновск,-25,45,-22,-66,-1,-66,45,-63
4,Пенза,0,-21,33,66,-3,-21,66,82
4,Пенза,-55,-68,55,7,44,-68,55,-57
1,Астрахань,41,-41,38,-57,-81,-57,41,-18
2,Волгоград,-23,-65,-36,62,-86,-65,62,-60
4,Пенза,57,28,64,85,-78,4,85,238
3,Саратов,-20,46,-82,-47,70,-82,46,-100
2,Волгоград,-89,24,-88,-67,81,-89,24,-218
5,Ульяновск,-51,53,-8,-46,46,-51,53,-47
2,Волгоград,7,-27,10,-2,74,-27,10,-10
2,Волгоград,-3,56,84,-1,-77,-3,84,138
1,Астрахань,-17,-68,39,-92,50,-92,39,-137
4,Пенза,78,81,96,-89,-1,-89,96,170
3,Саратов,-70,-80,-72,-51,53,-80,3,-270
2,Волгоград,68,31,80,-87,36,-87,80,94
2,Волгоград,-81,5,-2,17,56,-81,17,-59
2,Волгоград,-63,50,1,-29,58,-63,50,-39
3,Саратов,-39,10,-21,-33,-1,-39,10,-80
1,Астрахань,69,-69,-24,67,-50,-69,69,44
5,Ульяновск,-39,-66,81,89,-24,-66,89,70
5,Ульяновск,-19,65,67,0,-71,-19,67,118
1,Астрахань,-26,-91,68,-15,88,-91,68,-63
4,Пенза,58,-92,15,-79,26,-92,58,-94
3,Саратов,-95,45,-75,-90,80,-95,45,-212
3,Саратов,29,5,-55,-56,78,-56,29,-74
5,Ульяновск,74,-35,-68,-23,72,-68,74,-47
3,Саратов,16,70,13,-37,43,-37,70,65
3,Саратов,87,29,37,-42,100,-42,87,114
1,Астрахань,78,-57,-27,-17,-3,-57,78,-22
3,Саратов,44,-51,3,-13,34,-51,44,-14
4,Пенза,-23,13,80,25,-61,-23,80,99
2,Волгоград,-84,50,32,27,51,-84,50,27
5,Ульяновск,-27,-65,50,33,-65,-65,50,-4
1,Астрахань,28,-37,-74,82,91,-74,82,0
2,Волгоград,-32,-11,-58,41,88,-58,41,-58
2,Волгоград,-80,2,38,-2,68,-80,38,-40
4,Пенза,-76,-71,82,95,-3,-76,95,34
2,Волгоград,-71,-14,-96,72,19,-96,72,-107
3,Саратов,-62,52,-48,-35,57,-62,52,-90
1,Астрахань,93,-46,28,-91,23,-91,93,-15
3,Саратов,74,-3,-78,36,-28,-78,74,32
3,Саратов,54,30,-59,-40,-9,-59,54,-12
4,Пенза,-98,59,32,-22,-20,-98,59,-25
4,Пенза,88,-10,-36,-15,-20,-36,88,31
5,Ульяновск,-13,86,88,-52,-96,-52,88,114
4,Пенза,75,-12,-1,-39,35,-39,75,27
2,Волгоград,82,6,-36,-99,100,-99,82,-45
5,Ульяновск,-73,-96,-15,-21,-30,-96,5,-200
3,Саратов,20,-69,63,-21,70,-69,63,-4
3,Саратов,-41,64,73,-85,74,-85,73,14
4,Пенза,-9,-34,52,50,51,-34,52,63
2,Волгоград,49,-2,-78,95,90,-78,95,66
3,Саратов,-2,7,87,69,77,-2,87,164
2,Волгоград,-26,-43,-31,8,89,-43,8,-90
4,Пенза,51,29,-43,87,41,-43,87,128
5,Ульяновск,73,57,69,33,-30,5,73,237
4,Пенза,-28,-39,-35,2,17,-39,4,-96
2,Волгоград,33,-93,31,69,-33,-93,69,42
4,Пенза,94,68,27,-25,-33,-25,94,168
5,Ульяновск,-41,-61,-92,23,63,-92,23,-166
4,Пенза,-52,21,-50,-86,24,-86,21,-163
1,Астрахань,97,5,-59,75,52,-59,97,119
1,Астрахань,34,-55,23,-55,85,-55,34,-52
1,Астрахань,47,-49,-78,-94,61,-94,47,-173
3,Саратов,-18,-32,47,71,-16,-32,71,71
1,Астрахань,-85,-24,93,-21,-17,-85,93,-36
1,Астрахань,14,14,-19,-37,67,-37,14,-27
3,Саратов,-67,100,-5,-24,-94,-67,100,7
3,Саратов,-20,6,76,-2,-69,-20,76,63
5,Ульяновск,39,70,-12,81,-67,-12,81,183
2,Волгоград,-34,-20,36,58,-79,-34,58,42
2,Волгоград,35,-56,95,52,29,-56,95,128
5,Ульяновск,81,24,-46,57,83,-46,81,121
5,Ульяновск,-95,-31,16,-3,69,-95,16,-108
3,Саратов,-31,-58,15,56,46,-58,56,-15
5,Ульяновск,46,-17,52,13,96,-17,52,99
3,Саратов,77,-72,-25,4,9,-72,77,-13
4,Пенза,33,-53,-86,74,97,-86,74,-28
5,Ульяновск,38,-38,-56,31,-2,-56,38,-20
3,Саратов,-71,-4,-18,67,21,-71,67,-23
2,Волгоград,98,83,-98,16,-27,-98,98,101
4,Пенза,-66,-76,-14,73,67,-76,73,-79
5,Ульяновск,68,-50,-69,50,-51,-69,68,4
3,Саратов,-89,5,91,-59,42,-89,91,-49
1,Астрахань,8,-75,22,-97,-3,-97,22,-141
4,Пенза,96,43,-8,-34,-10,-34,96,101
1,Астрахань,-85,-34,36,100,79,-85,100,18
3,Саратов,-40,-92,-14,62,44,-92,62,-81
4,Пенза,-100,25,44,99,-13,-100,99,72
3,Саратов,97,-9,-24,87,-74,-24,97,154
1,Астрахань,-61,-5,-91,68,8,-91,68,-88
5,Ульяновск,60,42,93,90,-51,5,93,290
4,Пенза,-7,-28,-58,46,30,-58,46,-43
3,Саратов,-62,-35,-63,-15,-36,-63,3,-172
2,Волгоград,95,69,16,92,-32,2,95,274
4,Пенза,61,-37,60,1,98,-37,61,89
1,Астрахань,89,-9,-89,15,96,-89,89,7
3,Саратов,25,-61,-66,-23,50,-66,25,-122
5,Ульяновск,28,91,71,25,-46,5,91,220
2,Волгоград,72,-40,-90,46,61,-90,72,-10
3,Саратов,-7,-23,3,-36,-38,-36,3,-60
1,Астрахань,66,-82,-10,12,-72,-82,66,-13
1,Астрахань,-93,82,68,-92,88,-93,82,-34
2,Волгоград,-46,42,-6,50,69,-46,50,42
5,Ульяновск,31,49,-34,-98,60,-98,49,-47
5,Ульяновск,-42,-82,-50,47,76,-82,47,-122
3,Саратов,-56,-79,68,-31,49,-79,68,-95
1,Астрахань,-75,99,-71,-54,-98,-75,99,-100
1,Астрахань,-32,39,84,42,-88,-32,84,134
2,Волгоград,-76,-91,11,-24,-97,-91,11,-178
5,Ульяновск,-2,-49,-9,-33,48,-49,5,-88
2,Волгоград,-89,85,-80,4,-46,-89,85,-78
4,Пенза,-41,48,-59,70,-90,-59,70,22
4,Пенза,23,42,41,39,-63,4,42,149
1,Астрахань,83,-29,81,-12,-5,-29,83,124
2,Волгоград,-77,100,70,-81,22,-81,100,14
3,Саратов,-69,63,-96,57,40,-96,63,-42
4,Пенза,39,77,96,46,94,4,96,262
3,Саратов,-33,65,-12,34,20,-33,65,57
2,Волгоград,-78,-92,6,81,-96,-92,81,-81
2,Волгоград,76,66,19,53,-19,2,76,216
4,Пенза,36,-78,39,38,-75,-78,39,39
4,Пенза,80,63,-37,100,-47,-37,100,210
4,Пенза,-22,100,-13,31,66,-22,100,100
3,Саратов,48,-12,-61,54,-86,-61,54,32
1,Астрахань,-51,79,-4,-63,-95,-63,79,-38
1,Астрахань,-83,-86,24,98,58,-86,98,-46
1,Астрахань,2,59,-98,-60,-99,-98,59,-96
5,Ульяновск,-14,36,23,-5,17,-14,36,45
5,Ульяновск,-26,87,-65,32,-52,-65,87,33
1,Астрахань,82,-16,88,1,11,-16,88,156
4,Пенза,-27,-73,-100,99,26,-100,99,-97
4,Пенза,-13,-62,49,64,-80,-62,64,42
5,Ульяновск,-41,-77,-60,-77,-36,-77,5,-250
3,Саратов,24,-40,34,-86,96,-86,34,-65
5,Ульяновск,-36,-36,42,-86,-43,-86,42,-111
1,Астрахань,93,59,65,53,-54,1,93,271
5,Ульяновск,-100,98,-57,68,-50,-100,98,14
5,Ульяновск,61,19,-55,-55,-60,-55,61,-25
1,Астрахань,-75,62,-23,-42,-70,-75,62,-77
3,Саратов,6,-47,-89,-61,-45,-89,6,-188
4,Пенза,75,95,10,92,-98,4,95,276
5,Ульяновск,-79,48,82,-42,93,-79,82,14
5,Ульяновск,-59,-60,-67,-56,55,-67,5,-237
1,Астрахань,41,29,44,-52,-80,-52,44,63
5,Ульяновск,-15,-86,86,0,-20,-86,86,-10
4,Пенза,-51,-21,82,5,-82,-51,82,19
2,Волгоград,-88,7,-39,12,-32,-88,12,-106
3,Саратов,28,60,82,85,-36,3,85,258
4,Пенза,3,85,83,-76,11,-76,85,99
5,Ульяновск,41,70,-21,-5,78,-21,70,90
4,Пенза,50,76,-48,-65,-97,-65,76,17
1,Астрахань,-28,50,-6,85,-22,-28,85,102
5,Ульяновск,-47,-66,-93,44,-86,-93,44,-157
5,Ульяновск,-34,16,-45,29,-29,-45,29,-29
5,Ульяновск,-56,-87,71,78,80,-87,78,11
4,Пенза,19,-72,71,24,-68,-72,71,46
4,Пенза,46,-83,-66,-87,-28,-87,46,-186
1,Астрахань,29,47,42,0,50,0,47,119
5,Ульяновск,34,50,78,-3,17,-3,78,164
5,Ульяновск,-97,60,24,-94,89,-97,60,-102
1,Астрахань,81,-29,-22,41,-37,-29,81,72
3,Саратов,-58,-60,25,43,4,-60,43,-47
2,Волгоград,33,80,-63,30,-49,-63,80,82
5,Ульяновск,-4,-7,23,67,53,-7,67,84
4,Пенза,-56,30,-8,-7,-52,-56,30,-37
4,Пенза,-61,-10,-95,52,12,-95,52,-110
4,Пенза,84,-38,6,-40,-62,-40,84,16
1,Астрахань,-29,-78,-94,-10,-18,-94,1,-210
5,Ульяновск,9,-50,-67,35,-97,-67,35,-68
2,Волгоград,-1,-81,21,-49,94,-81,21,-108
4,Пенза,70,47,-76,-79,36,-79,70,-34
2,Волгоград,4,-56,-81,-69,62,-81,4,-200
5,Ульяновск,-9,60,76,32,27,-9,76,164
5,Ульяновск,-17,24,-62,-22,-1,-62,24,-72
3,Саратов,51,-30,44,86,-5,-30,86,154
5,Ульяновск,72,-28,28,62,87,-28,72,139
1,Астрахань,37,-35,-86,-29,7,-86,37,-112
5,Ульяновск,71,-35,-46,-61,85,-61,71,-66
2,Волгоград,-55,94,34,-69,37,-69,94,6
4,Пенза,50,-83,55,-66,-67,-83,55,-40
4,Пенза,63,-35,68,67,93,-35,68,167
5,Ульяновск,62,84,-61,-19,-69,-61,84,71
1,Астрахань,-45,7,77,-66,-32,-66,77,-26
4,Пенза,-82,-66,-35,-29,-16,-82,4,-208
3,Саратов,-42,-38,18,-13,12,-42,18,-72
5,Ульяновск,-45,-8,2,67,16,-45,67,21
3,Саратов,11,-31,35,-72,31,-72,35,-54
4,Пенза,52,6,-47,37,-50,-47,52,52
2,Волгоград,56,24,-68,57,-62,-68,57,71
1,Астрахань,28,26,28,-39,61,-39,28,44
5,Ульяновск,-38,-34,34,44,67,-38,44,11
3,Саратов,61,73,-88,15,72,-88,73,64
2,Волгоград,61,28,71,47,-9,2,71,209
1,Астрахань,94,-40,68,12,-27,-40,94,135
1,Астрахань,-4,34,26,78,83,-4,78,135
2,Волгоград,21,86,38,85,18,2,86,232
5,Ульяновск,-68,40,-22,54,-26,-68,54,9
4,Пенза,77,-72,-35,7,87,-72,77,-19
3,Саратов,-16,63,-41,-91,41,-91,63,-82
5,Ульяновск,35,48,-8,27,70,-8,48,107
4,Пенза,47,-54,47,18,-49,-54,47,62
1,Астрахань,-6,72,22,16,15,-6,72,105
3,Саратов,65,20,70,-5,-82,-5,70,153
1,Астрахань,-99,94,-100,-5,-78,-100,94,-109
1,Астрахань,-1,-72,-89,12,60,-89,12,-149
1,Астрахань,60,14,-88,-83,-6,-88,60,-96
4,Пенза,-61,28,-23,8,-47,-61,28,-44
3,Саратов,44,13,51,-67,-35,-67,51,44
3,Саратов,8,56,4,24,50,3,56,95
4,Пенза,-38,-56,47,76,-85,-56,76,33
1,Астрахань,-47,18,-12,42,78,-47,42,2
3,Саратов,60,47,-50,-11,99,-50,60,49
2,Волгоград,-36,-52,5,-98,-21,-98,5,-179
3,Саратов,20,-40,26,-73,71,-73,26,-64
2,Волгоград,90,-30,-70,44,-38,-70,90,36
4,Пенза,45,-84,-49,-7,-96,-84,45,-91
5,Ульяновск,89,-34,-99,-76,-4,-99,89,-115
4,Пенза,-15,87,90,-7,-7,-15,90,159
3,Саратов,34,0,-52,24,9,-52,34,9
3,Саратов,24,-76,-48,14,-99,-76,24,-83
4,Пенза,53,-20,-49,56,-54,-49,56,44
3,Саратов,40,62,-69,82,-42,-69,82,118
4,Пенза,57,30,-75,-31,99,-75,57,-15
4,Пенза,78,20,-86,-22,-70,-86,78,-6
4,Пенза,-78,-90,-72,71,6,-90,71,-165
5,Ульяновск,-75,35,13,19,28,-75,35,-3
2,Волгоград,-37,82,-20,-22,-62,-37,82,5
5,Ульяновск,-98,61,100,15,23,-98,100,83
3,Саратов,-86,-10,-86,35,90,-86,35,-144
3,Саратов,42,76,18,-63,-10,-63,76,76
1,Астрахань,-73,49,-47,99,32,-73,99,29
2,Волгоград,-3,38,93,-35,49,-35,93,95
2,Волгоград,-61,24,-35,67,-88,-61,67,-3
2,Волгоград,82,26,-32,-76,-47,-76,82,2
3,Саратов,39,-45,38,73,76,-45,73,108
1,Астрахань,-13,-39,-96,-90,-75,-96,1,-237
5,Ульяновск,-82,-36,-49,-39,-26,-82,5,-201
5,Ульяновск,-77,-19,67,10,-87,-77,67,-14
2,Волгоград,30,-67,-59,28,34,-67,30,-66
2,Волгоград,-98,67,84,-68,5,-98,84,-13
5,Ульяновск,-64,13,35,-99,51,-99,35,-110
5,Ульяновск,-87,-18,-42,-16,56,-87,5,-158
4,Пенза,4,3,-25,-17,-52,-25,4,-31
2,Волгоград,-68,38,-78,99,21,-78,99,-7
1,Астрахань,-75,18,-36,35,-70,-75,35,-57
4,Пенза,13,-5,-9,68,-90,-9,68,71
2,Волгоград,35,-68,2,-49,37,-68,35,-78
2,Волгоград,-4,47,-63,17,80,-63,47,-1
